9876543210-john.doe@example.com,John-1,Doe,john.doe@example.com,9876543210,1722676875251
8765432109-jane.smith@example.com,Jane,Smith,jane.smith@example.com,8765432109,1722676883749
6543210987-bob.brown@example.com,Bob-2,Brown,bob.brown@example.com,6543210987,1722676899093
1234567890-test1@gmail.com,Test1,Test2,test1@gmail.com,1234567890,1722691141280
1234567891-test1@gmail.com,Test1,Test2,test1@gmail.com,1234567891,1722691184355
1234567892-test1@gmail.com,Test1,Test2,test1@gmail.com,1234567892,1722691188558
1234567893-test1@gmail.com,Test1,Test2,test1@gmail.com,1234567893,1722691192085
1234567894-test1@gmail.com,Test1,Test2,test1@gmail.com,1234567894,1722691195690
1234567895-test1@gmail.com,Test1,Test2,test1@gmail.com,1234567895,1722691199311
1234567896-test1@gmail.com,Test1,Test2,test1@gmail.com,1234567896,1722691338998
1234567897-test1@gmail.com,Test1,Test2,test1@gmail.com,1234567897,1722691346239
1234567898-test1@gmail.com,Test1,Test2,test1@gmail.com,1234567898,1722691349561
1234567899-test1@gmail.com,Test1,Test2,test1@gmail.com,1234567899,1722691352686
1234567100-test1@gmail.com,Test1,Test2,test1@gmail.com,1234567100,1722691357281
1234567101-test1@gmail.com,Test1,Test2,test1@gmail.com,1234567101,1722691360591
1234567102-test1@gmail.com,Test1,Test2,test1@gmail.com,1234567102,1722691364930
1234567103-test1@gmail.com,Test1,Test2,test1@gmail.com,1234567103,1722691370733
1234567104-test1@gmail.com,Test1,Test2,test1@gmail.com,1234567104,1722691375656
1234567105-test1@gmail.com,Test1,Test2,test1@gmail.com,1234567105,1722691412885
1234567106-test1@gmail.com,Test1,Test2,test1@gmail.com,1234567106,1722691512178
1234567107-test1@gmail.com,Test1,Test2,test1@gmail.com,1234567107,1722691522824
1234567108-test1@gmail.com,Test1,Test2,test1@gmail.com,1234567108,1722691527333
1234567109-test1@gmail.com,Test1,Test2,test1@gmail.com,1234567109,1722691530855
1234567110-test1@gmail.com,Test1,Test2,test1@gmail.com,1234567110,1722691534713
1234567111-test1@gmail.com,Test1,Test2,test1@gmail.com,1234567111,1722691538427
1234567112-test1@gmail.com,Test1,Test2,test1@gmail.com,1234567112,1722691550921
1234567113-test1@gmail.com,Test1,Test2,test1@gmail.com,1234567113,1722691555876
1234567114-test1@gmail.com,Test1,Test2,test1@gmail.com,1234567114,1722691639902
1234567115-test1@gmail.com,Test1,Test2,test1@gmail.com,1234567115,1722691643359
1234567116-test1@gmail.com,Test1,Test2,test1@gmail.com,1234567116,1722691647042
1234567117-test1@gmail.com,Test1,Test2,test1@gmail.com,1234567117,1722691650454
1234567118-test1@gmail.com,Test1,Test2,test1@gmail.com,1234567118,1722691653978
1234567119-test1@gmail.com,Test1,Test2,test1@gmail.com,1234567119,1722691657916
1234567120-test1@gmail.com,Test1,Test2,test1@gmail.com,1234567120,1722691774252
1234567121-test1@gmail.com,Test1,Test2,test1@gmail.com,1234567121,1722691780916
1234567122-test1@gmail.com,Test1,Test2,test1@gmail.com,1234567122,1722691786328
1234567123-test1@gmail.com,Test1,Test2,test1@gmail.com,1234567123,1722691789864
1234567124-test1@gmail.com,Test1,Test2,test1@gmail.com,1234567124,1722691793353
1234567125-test1@gmail.com,Test1,Test2,test1@gmail.com,1234567125,1722691796896
1234567126-test1@gmail.com,Test1,Test2,test1@gmail.com,1234567126,1722691800411
1234567127-test1@gmail.com,Test1,Test2,test1@gmail.com,1234567127,1722691825963
1234567128-test1@gmail.com,Test1,Test2,test1@gmail.com,1234567128,1722691846546
1234567200-test1@gmail.com,Test1,Test2,test1@gmail.com,1234567200,1722692179012
1234567201-test1@gmail.com,Test1,Test2,test1@gmail.com,1234567201,1722692183755
1234567203-test1@gmail.com,Test1,Test2,test1@gmail.com,1234567203,1722692385576
1234567204-test1@gmail.com,Test1,Test2,test1@gmail.com,1234567204,1722692391235
